category,en,ja,ex,filename,has_mp3,recording
pitch,Man on!,後ろから来てるぞ！,Man on! Play it back!,Man_on.mp3,YES,original
pitch,Time!,フリーだ、余裕あるぞ,"Time, time! Take a touch.",Time.mp3,YES,original
pitch,Turn!,前を向け！,Turn! No one's on you.,Turn.mp3,YES,original
pitch,Switch it!,サイドを変えろ,Switch it! The left is free.,Switch_it.mp3,YES,original
pitch,Square!,横パスをくれ,Square it! I'm with you.,Square.mp3,YES,original
pitch,Down the line!,ライン際に出せ,Knock it down the line!,Down_the_line.mp3,YES,original
pitch,Cut it back!,マイナスに折り返せ,Get to the byline and cut it back!,Cut_it_back.mp3,YES,original
pitch,Second ball!,こぼれ球を拾え,"React! Second ball, lads!",Second_ball.mp3,YES,original
pitch,Keeper's!,キーパーのボールだ！,Keeper's! Leave it!,Keepers.mp3,YES,original
pitch,Away!,クリアしろ！,No risks! Get it away!,Away.mp3,YES,original
pitch,Stay big!,（GKへ）体を大きく見せろ,"One-on-one — stay big, keeper!",Stay_big.mp3,YES,original
pitch,Show him inside!,内側へ追い込め,"Show him inside, we've got cover.",Show_him_inside.mp3,YES,original
pitch,Track your runner!,走る相手に付いていけ,Track your runner! Don't ball-watch.,Track_your_runner.mp3,YES,original
pitch,Overlap,オーバーラップ,Hold it — the overlap is coming.,Overlap.mp3,YES,original
pitch,One-two,ワンツー,Give me a one-two on the edge.,One-two.mp3,YES,original
pitch,Put a shift in,全力で走り切る,Last ten minutes — put a shift in!,Put_a_shift_in.mp3,YES,original
pitch,Win your header!,ヘディングで競り勝て,Big lad's on you — win your header!,Win_your_header.mp3,YES,original
pitch,Drop!,下がれ！,Drop! Hold the line at the box.,Drop.mp3,YES,original
pitch,Squeeze!,ラインを押し上げろ,Squeeze up! Make it compact.,Squeeze.mp3,YES,original
pitch,Hold it up!,前線でキープしろ,Hold it up and wait for support.,Hold_it_up.mp3,YES,original
locker,Gaffer,監督（ボス）,The gaffer wants us in at nine.,Gaffer.mp3,YES,original
locker,Skipper,キャプテン,Skipper's doing the team talk today.,Skipper.mp3,YES,original
locker,Banter,からかい合い・軽口,"It's just banter, don't take it personal.",Banter.mp3,YES,original
locker,Sound,いいヤツ／「了解」,The new lad? He's sound.,Sound.mp3,YES,original
locker,Knackered,くたくたに疲れた,Double session today — I'm knackered.,Knackered.mp3,YES,original
locker,Gutted,超悔しい・ガッカリ,"Gutted we lost that one, to be fair.",Gutted.mp3,YES,original
locker,Buzzing,最高の気分,First goal for the club — buzzing!,Buzzing.mp3,YES,original
locker,Hairdryer treatment,監督の大目玉,We got the hairdryer treatment at half-time.,Hairdryer_treatment.mp3,YES,original
locker,Fuming,ブチギレている,The gaffer was fuming after that red card.,Fuming.mp3,YES,original
locker,Kickabout,軽い球蹴り・ミニゲーム,Fancy a kickabout after lunch?,Kickabout.mp3,YES,original
locker,Megs / Nutmeg,股抜き,Megs! That's a coffee you owe me.,Megs_Nutmeg.mp3,YES,original
locker,Top bins,ゴール上隅（に決める）,He smashed it top bins in training.,Top_bins.mp3,YES,original
locker,Worldie,世界レベルのスーパーゴール,Did you see his worldie yesterday?,Worldie.mp3,YES,original
locker,Howler,大チョンボ,The keeper had an absolute howler.,Howler.mp3,YES,original
locker,Sitter,絶対決めるべき決定機,I can't believe he missed that sitter.,Sitter.mp3,YES,original
locker,Rondo,ロンド（鳥かご）,"Warm-up starts with a rondo, lads.",Rondo.mp3,YES,original
locker,Dead leg,モモカン（太腿の打撲）,"I've got a dead leg, give me a minute.",Dead_leg.mp3,YES,original
locker,Plates,足（Cockneyスラング）,"Use your plates, son!",Plates.mp3,YES,original
locker,Have a word with yourself,しっかりしろよ（自分を見つめ直せ）,Late again? Have a word with yourself.,Have_a_word_with_yourself.mp3,YES,original
locker,Sorted,解決済み・準備OK,"Boots, kit, contract — all sorted.",Sorted.mp3,YES,original
comm,Clean sheet,無失点,The keeper keeps another clean sheet.,Clean_sheet.mp3,YES,original
comm,Park the bus,超守備的に引きこもる,They parked the bus for ninety minutes.,Park_the_bus.mp3,YES,original
comm,Route one,ロングボール一辺倒の戦術,It's route one football from the hosts.,Route_one.mp3,YES,original
comm,Against the run of play,試合の流れに反して,They scored against the run of play.,Against_the_run_of_play.mp3,YES,original
comm,Squeaky bum time,終盤の胃が痛い時間帯,Ten minutes left — squeaky bum time.,Squeaky_bum_time.mp3,YES,original
comm,Early doors,試合の序盤に,They pressed high early doors.,Early_doors.mp3,YES,original
comm,On a plate,お膳立てされた（決定機）,The cross put it on a plate for him.,On_a_plate.mp3,YES,original
comm,Hollywood ball,狙いすぎの派手なロングパス,That's a Hollywood ball — easily cut out.,Hollywood_ball.mp3,YES,original
comm,A game of two halves,前半と後半で別物の試合,Football is a game of two halves.,A_game_of_two_halves.mp3,YES,original
comm,Clinical,決定力がある,He's so clinical in front of goal.,Clinical.mp3,YES,original
comm,Off the woodwork,ポスト・バー直撃,Inches away — off the woodwork again!,Off_the_woodwork.mp3,YES,original
comm,Stoppage time,アディショナルタイム,Five minutes of stoppage time to play.,Stoppage_time.mp3,YES,original
comm,Six-pointer,直接対決（勝ち点6の価値）,This relegation six-pointer is huge.,Six-pointer.mp3,YES,original
comm,Relegation dogfight,残留争い,Both clubs are in a relegation dogfight.,Relegation_dogfight.mp3,YES,original
comm,Down to ten men,退場で10人に,They're down to ten men after the red.,Down_to_ten_men.mp3,YES,original
comm,Spot kick,PK,The referee points to the spot — spot kick!,Spot_kick.mp3,YES,original
comm,Set piece,セットプレー,They're dangerous from set pieces.,Set_piece.mp3,YES,original
comm,Pull one back,1点を返す,Can they pull one back before half-time?,Pull_one_back.mp3,YES,original
comm,See out the game,試合を締めて逃げ切る,Now they just need to see out the game.,See_out_the_game.mp3,YES,original
comm,Aplomb,落ち着き払って（決める）,He finished with real aplomb.,Aplomb.mp3,YES,original
paper,Swoop,電撃獲得（急襲）,United plot a January swoop for the striker.,Swoop.mp3,YES,original
paper,Snub,袖にする・移籍を拒否,Star snubs mega offer from rivals.,Snub.mp3,YES,original
paper,Axed,解任された・外された,Boss axed after five straight defeats.,Axed.mp3,YES,original
paper,Wantaway,移籍を望んでいる（選手）,The wantaway winger skipped training.,Wantaway.mp3,YES,original
paper,Hitman,点取り屋,Italian hitman tops the scoring charts.,Hitman.mp3,YES,original
paper,War chest,移籍資金,The new owner promises a £200m war chest.,War_chest.mp3,YES,original
paper,Tug-of-war,獲得を巡る争奪戦,A tug-of-war over the teenage prodigy.,Tug-of-war.mp3,YES,original
paper,Shock exit,電撃退団,Captain's shock exit stuns the dressing room.,Shock_exit.mp3,YES,original
paper,Transfer saga,長引く移籍劇,The transfer saga finally ends after months.,Transfer_saga.mp3,YES,original
paper,Deadline day,移籍市場最終日,Deadline day drama as the fax fails.,Deadline_day.mp3,YES,original
paper,Medical,メディカルチェック,He flies in tonight to undergo a medical.,Medical.mp3,YES,original
paper,Put pen to paper,契約にサインする,The defender puts pen to paper on a new deal.,Put_pen_to_paper.mp3,YES,original
paper,On the chopping block,解任・放出秒読み,The boss is on the chopping block again.,On_the_chopping_block.mp3,YES,original
paper,Silly season,移籍の噂が乱れ飛ぶ時期,Silly season rumours link him to ten clubs.,Silly_season.mp3,YES,original
paper,Flop,期待外れの選手,£80m flop set for a cut-price exit.,Flop.mp3,YES,original
paper,Journeyman,クラブを渡り歩く選手,The journeyman joins his eleventh club.,Journeyman.mp3,YES,original
paper,Caretaker boss,暫定監督,The caretaker boss takes charge on Saturday.,Caretaker_boss.mp3,YES,original
paper,Loan spell,レンタル移籍期間,A loan spell could revive his career.,Loan_spell.mp3,YES,original
paper,Release clause,契約解除金（リリース条項）,His release clause is set at £60m.,Release_clause.mp3,YES,original
paper,Gardening leave,（解任後の）自宅待機,The sacked boss is on gardening leave.,Gardening_leave.mp3,YES,original
pitch,Man on,後ろ来てる,"Man on, Taku!",Man_on.mp3,YES,original
pitch,Time,時間ある,"Time, turn!",Time.mp3,YES,original
pitch,Turn,前を向け,Turn and drive forward.,Turn.mp3,YES,original
pitch,Leave it,触るな,"Leave it, keeper\'s got it.",Leave_it.mp3,YES,daniel_tts
pitch,Away,クリアしろ,Away! Don\'t risk it.,Away.mp3,YES,original
pitch,Keeper\'s ball,キーパーのボール,"Keeper\'s ball, leave it.",Keeper\s_ball.mp3,YES,daniel_tts
pitch,Step,ラインを上げろ,Step up together.,Step.mp3,YES,daniel_tts
pitch,Drop,下がれ,"Drop, runner behind.",Drop.mp3,YES,original
pitch,Hold,待て,"Hold, don\'t dive in.",Hold.mp3,YES,daniel_tts
pitch,Squeeze,コンパクトに上げろ,Squeeze up!,Squeeze.mp3,YES,original
pitch,Press,奪いに行け,Press him now.,Press.mp3,YES,daniel_tts
pitch,Track,付いていけ,Track the runner.,Track.mp3,YES,daniel_tts
pitch,Cover,カバーしろ,Cover inside.,Cover.mp3,YES,daniel_tts
pitch,Screen,コースを切れ,Screen the pass.,Screen.mp3,YES,daniel_tts
pitch,Block,ブロックしろ,Block the shot.,Block.mp3,YES,daniel_tts
pitch,Switch,マークを受け渡せ,"Switch, I\'ve got him.",Switch.mp3,YES,daniel_tts
pitch,Recover,戻れ,Recover quickly.,Recover.mp3,YES,daniel_tts
pitch,Stay,そのまま,Stay there.,Stay.mp3,YES,daniel_tts
pitch,Tight,寄せろ,Stay tight.,Tight.mp3,YES,daniel_tts
pitch,Inside,中を切れ,Show him inside.,Inside.mp3,YES,daniel_tts
pitch,Outside,外を切れ,Show him outside.,Outside.mp3,YES,daniel_tts
pitch,Goal side,ゴール側を取れ,Get goal side.,Goal_side.mp3,YES,daniel_tts
pitch,Shoulder,肩越し確認,Check your shoulder.,Shoulder.mp3,YES,daniel_tts
pitch,Runner,ランナーだ,Runner coming.,Runner.mp3,YES,daniel_tts
pitch,Watch him,そいつ見ろ,Watch number nine.,Watch_him.mp3,YES,daniel_tts
pitch,Feet,足元へ,Play it to feet.,Feet.mp3,YES,daniel_tts
pitch,Into feet,足元に入れろ,"Into feet, not space.",Into_feet.mp3,YES,daniel_tts
pitch,Back,戻せ,Back if needed.,Back.mp3,YES,daniel_tts
pitch,Set,落とせ,Set me and go.,Set.mp3,YES,daniel_tts
pitch,Wall pass,壁パス,Use a wall pass.,Wall_pass.mp3,YES,daniel_tts
pitch,Through,スルーだ,Through if you can.,Through.mp3,YES,daniel_tts
pitch,Square,横へ,Square ball available.,Square.mp3,YES,original
pitch,Wide,ワイドへ,Play it wide.,Wide.mp3,YES,daniel_tts
pitch,Line,ライン際へ,Play down the line.,Line.mp3,YES,daniel_tts
pitch,Clip it,浮き球を入れろ,Clip it over.,Clip_it.mp3,YES,daniel_tts
pitch,Drive it,強く通せ,Drive it through.,Drive_it.mp3,YES,daniel_tts
pitch,Play simple,シンプルに,Play simple.,Play_simple.mp3,YES,daniel_tts
pitch,Play forward,前へ入れろ,Play forward quickly.,Play_forward.mp3,YES,daniel_tts
pitch,Recycle,作り直せ,Recycle possession.,Recycle.mp3,YES,daniel_tts
pitch,Keep it,キープしろ,Keep it for now.,Keep_it.mp3,YES,daniel_tts
pitch,Turn out,外へターン,Turn out and play.,Turn_out.mp3,YES,daniel_tts
pitch,First time,ダイレクトで,First time pass.,First_time.mp3,YES,daniel_tts
pitch,Go,行け,Go at him.,Go.mp3,YES,daniel_tts
pitch,Drive,運べ,Drive forward.,Drive.mp3,YES,daniel_tts
pitch,Run at him,仕掛けろ,Run at him.,Run_at_him.mp3,YES,daniel_tts
pitch,Take him on,抜きに行け,Take him on.,Take_him_on.mp3,YES,daniel_tts
pitch,Cross,クロス入れろ,Cross it early.,Cross.mp3,YES,daniel_tts
pitch,Cut back,マイナスへ,Cut it back.,Cut_back.mp3,YES,daniel_tts
pitch,Shoot,打て,Shoot!,Shoot.mp3,YES,daniel_tts
pitch,Hit it,振り抜け,Hit it first time.,Hit_it.mp3,YES,daniel_tts
pitch,Far post,ファーだ,Aim far post.,Far_post.mp3,YES,daniel_tts
pitch,Near post,ニアだ,Attack near post.,Near_post.mp3,YES,daniel_tts
pitch,Follow in,詰めろ,Follow in for rebounds.,Follow_in.mp3,YES,daniel_tts
pitch,Get in the box,ボックスへ入れ,Get in the box.,Get_in_the_box.mp3,YES,daniel_tts
pitch,Attack the box,ゴール前へ飛び込め,Attack the box aggressively.,Attack_the_box.mp3,YES,daniel_tts
pitch,Arrive late,遅れて入れ,Arrive late in the box.,Arrive_late.mp3,YES,daniel_tts
pitch,Underlap,アンダーラップ,Make an underlap run.,Underlap.mp3,YES,daniel_tts
pitch,Switch play,展開を変えろ,Switch play quickly.,Switch_play.mp3,YES,daniel_tts
pitch,Play wide,ワイドを使え,Play wide and stretch them.,Play_wide.mp3,YES,daniel_tts
pitch,Inside run,中へ走れ,Make an inside run.,Inside_run.mp3,YES,daniel_tts
pitch,Outside run,外へ走れ,Make an outside run.,Outside_run.mp3,YES,daniel_tts
pitch,Double up,2人で挟め,Double up on him.,Double_up.mp3,YES,daniel_tts
pitch,Force him wide,外へ追い込め,Force him wide.,Force_him_wide.mp3,YES,daniel_tts
pitch,Show him outside,外へ誘導しろ,Show him outside.,Show_him_outside.mp3,YES,original
pitch,Show him inside,中へ誘導しろ,Show him inside.,Show_him_inside.mp3,YES,original
pitch,Delay,時間を稼げ,Delay the attack.,Delay.mp3,YES,daniel_tts
pitch,Contain,対応し続けろ,Contain him.,Contain.mp3,YES,daniel_tts
pitch,Drop off,距離を取れ,Drop off a little.,Drop_off.mp3,YES,original
pitch,Hold shape,形を保て,Hold your shape.,Hold_shape.mp3,YES,daniel_tts
pitch,Stay compact,コンパクトに,Stay compact.,Stay_compact.mp3,YES,daniel_tts
pitch,Win it,奪い切れ,Win it now.,Win_it.mp3,YES,daniel_tts
pitch,Challenge,チャレンジしろ,Challenge for the ball.,Challenge.mp3,YES,daniel_tts
pitch,Block it,ブロックしろ,Block it.,Block_it.mp3,YES,daniel_tts
pitch,Track back,戻れ,Track back quickly.,Track_back.mp3,YES,daniel_tts
pitch,Match his run,ランについていけ,Match his run.,Match_his_run.mp3,YES,daniel_tts
pitch,Stay goal side,ゴール側を取れ,Stay goal side.,Stay_goal_side.mp3,YES,daniel_tts
pitch,Clear it,クリアしろ,Clear it now.,Clear_it.mp3,YES,daniel_tts
pitch,Head it away,ヘディングで逃がせ,Head it away.,Head_it_away.mp3,YES,daniel_tts
pitch,Step out,前へ出ろ,Step out and press.,Step_out.mp3,YES,daniel_tts
pitch,Mark him,マークしろ,Mark him tightly.,Mark_him.mp3,YES,daniel_tts
pitch,Keeper,キーパーだ,Keeper!,Keeper.mp3,YES,daniel_tts
pitch,Mine,俺のだ,Mine!,Mine.mp3,YES,daniel_tts
pitch,Push out,ラインを上げろ,Push out!,Push_out.mp3,YES,daniel_tts
pitch,Step up,上げろ,Step up together.,Step_up.mp3,YES,daniel_tts
pitch,Wall,壁作れ,Build the wall.,Wall.mp3,YES,daniel_tts
pitch,Quick,急げ,Quick release.,Quick.mp3,YES,daniel_tts
pitch,Slow it down,落ち着かせろ,Slow it down.,Slow_it_down.mp3,YES,daniel_tts
pitch,Claim it,キャッチしろ,Claim it!,Claim_it.mp3,YES,daniel_tts
pitch,Catch,キャッチ,Catch if you can.,Catch.mp3,YES,daniel_tts
pitch,Punch,パンチしろ,Punch it away.,Punch.mp3,YES,daniel_tts
pitch,Play short,ショートで始めろ,Play short.,Play_short.mp3,YES,daniel_tts
pitch,Play long,ロングで行け,Play long.,Play_long.mp3,YES,daniel_tts
pitch,Front post,ニアゾーン,Attack the front post.,Front_post.mp3,YES,daniel_tts
pitch,Back post,ファーゾーン,Back post runner.,Back_post.mp3,YES,daniel_tts
pitch,Edge,エリア外縁,Stay on the edge.,Edge.mp3,YES,daniel_tts
pitch,Second ball,セカンドボール,Win the second ball.,Second_ball.mp3,YES,original
pitch,Attack it,飛び込め,Attack it aggressively.,Attack_it.mp3,YES,daniel_tts
pitch,Delivery,キックの質,Great delivery.,Delivery.mp3,YES,daniel_tts
pitch,Inswinger,内側へ曲がるボール,Inswinger coming in.,Inswinger.mp3,YES,daniel_tts
pitch,Outswinger,外へ逃げるボール,Outswinger delivery.,Outswinger.mp3,YES,daniel_tts
pitch,Flick on,そらせ,Flick it on.,Flick_on.mp3,YES,daniel_tts
pitch,Mark up,マーク付け,Mark up quickly.,Mark_up.mp3,YES,daniel_tts
pitch,Pick him up,捕まえろ,Pick him up.,Pick_him_up.mp3,YES,daniel_tts
pitch,Stay with him,離れるな,Stay with him.,Stay_with_him.mp3,YES,daniel_tts
pitch,Zonal,ゾーン守備,We defend zonally.,Zonal.mp3,YES,daniel_tts
pitch,Man mark,マンツーマン,Man mark number nine.,Man_mark.mp3,YES,daniel_tts
pitch,Rebound,こぼれ球,Watch the rebound.,Rebound.mp3,YES,daniel_tts
pitch,Well done,ナイス,"Well done, lads.",Well_done.mp3,YES,daniel_tts
pitch,Good ball,いいボール,Great ball in.,Good_ball.mp3,YES,daniel_tts
pitch,Great effort,ナイスチャレンジ,Great effort.,Great_effort.mp3,YES,daniel_tts
pitch,Unlucky,惜しい,"Unlucky, keep going.",Unlucky.mp3,YES,daniel_tts
pitch,Again,もう一回,"Again, again!",Again.mp3,YES,daniel_tts
pitch,Keep going,続けろ,Keep going.,Keep_going.mp3,YES,daniel_tts
pitch,Relax,落ち着け,Relax on the ball.,Relax.mp3,YES,daniel_tts
pitch,Calm,冷静に,Stay calm.,Calm.mp3,YES,daniel_tts
pitch,Focus,集中しろ,Focus now.,Focus.mp3,YES,daniel_tts
pitch,Switch on,集中を切らすな,Switch on!,Switch_on.mp3,YES,original
pitch,Wake up,目を覚ませ,"Wake up, boys.",Wake_up.mp3,YES,daniel_tts
pitch,Organise,整理しろ,Organise yourselves.,Organise.mp3,YES,daniel_tts
pitch,Communicate,声を出せ,Communicate more.,Communicate.mp3,YES,daniel_tts
pitch,Talk,声を出せ,Talk to each other.,Talk.mp3,YES,daniel_tts
pitch,Help him,助けろ,Help him out.,Help_him.mp3,YES,daniel_tts
pitch,Support,サポートしろ,Give him support.,Support.mp3,YES,daniel_tts
pitch,Be patient,焦るな,Be patient.,Be_patient.mp3,YES,daniel_tts
pitch,Move it,ボールを動かせ,Move it quicker.,Move_it.mp3,YES,original
pitch,Quicker,もっと速く,"Quicker, quicker!",Quicker.mp3,YES,daniel_tts
pitch,Slower,落ち着け,Slower now.,Slower.mp3,YES,daniel_tts
pitch,Check shoulder,首を振れ,Check your shoulder.,Check_shoulder.mp3,YES,daniel_tts
pitch,Half turn,半身で受けろ,Receive on the half turn.,Half_turn.mp3,YES,daniel_tts
pitch,Receive,受けろ,Receive and play.,Receive.mp3,YES,daniel_tts
pitch,Bounce pass,ワンタッチで落とせ,Bounce it back.,Bounce_pass.mp3,YES,daniel_tts
pitch,Between lines,ライン間,Find space between lines.,Between_lines.mp3,YES,daniel_tts
pitch,Play through,縦を通せ,Play through midfield.,Play_through.mp3,YES,daniel_tts
pitch,Split them,割れ,Split the centre-backs.,Split_them.mp3,YES,daniel_tts
pitch,Dictate tempo,テンポを作れ,Dictate the tempo.,Dictate_tempo.mp3,YES,daniel_tts
pitch,Keep possession,ボールを保持しろ,Keep possession.,Keep_possession.mp3,YES,daniel_tts
pitch,Find space,スペースを探せ,Find space constantly.,Find_space.mp3,YES,daniel_tts
pitch,Isolate him,1対1を作れ,Isolate their full-back.,Isolate_him.mp3,YES,daniel_tts
pitch,Beat your man,抜き切れ,Beat your man.,Beat_your_man.mp3,YES,daniel_tts
pitch,Stretch them,幅を取れ,Stretch the defence.,Stretch_them.mp3,YES,daniel_tts
pitch,Hug the touchline,タッチライン際に張れ,Hug the touchline.,Hug_the_touchline.mp3,YES,daniel_tts
pitch,Cut inside,中へ入れ,Cut inside and shoot.,Cut_inside.mp3,YES,daniel_tts
pitch,Stay wide,幅を維持しろ,Stay wide.,Stay_wide.mp3,YES,original
pitch,Attack space,スペースを突け,Attack the space behind.,Attack_space.mp3,YES,daniel_tts
pitch,Run beyond,裏へ抜けろ,Run beyond the line.,Run_beyond.mp3,YES,daniel_tts
pitch,Cross early,早くクロス,Cross early.,Cross_early.mp3,YES,daniel_tts
pitch,Pin him,CBを固定しろ,Pin the centre-back.,Pin_him.mp3,YES,daniel_tts
pitch,Spin,裏へ回れ,Spin in behind.,Spin.mp3,YES,daniel_tts
pitch,Hold it up,収めろ,Hold it up.,Hold_it_up.mp3,YES,original
pitch,Lay it off,落とせ,Lay it off first time.,Lay_it_off.mp3,YES,daniel_tts
pitch,Occupy centre-back,CBを引き付けろ,Occupy both centre-backs.,Occupy_centre-back.mp3,YES,daniel_tts
pitch,Near-post run,ニアへ走れ,Make a near-post run.,Near-post_run.mp3,YES,daniel_tts
pitch,Far-post run,ファーへ走れ,Attack the far post.,Far-post_run.mp3,YES,daniel_tts
pitch,Attack the cross,クロスへ飛び込め,Attack the cross.,Attack_the_cross.mp3,YES,daniel_tts
pitch,Stay central,中央に残れ,Stay central.,Stay_central.mp3,YES,daniel_tts
pitch,Get across him,前へ入れ,Get across the defender.,Get_across_him.mp3,YES,daniel_tts
pitch,Hold the line,ラインを維持しろ,Hold the line.,Hold_the_line.mp3,YES,daniel_tts
pitch,Step in,潰しに行け,Step in aggressively.,Step_in.mp3,YES,daniel_tts
pitch,Drop together,全員で下がれ,Drop together.,Drop_together.mp3,YES,daniel_tts
pitch,Stay connected,距離感を保て,Stay connected.,Stay_connected.mp3,YES,daniel_tts
pitch,Cover across,横をカバー,Cover across.,Cover_across.mp3,YES,daniel_tts
pitch,Shift across,スライドしろ,Shift across quickly.,Shift_across.mp3,YES,daniel_tts
pitch,Clear danger,危険を排除しろ,Clear the danger.,Clear_danger.mp3,YES,daniel_tts
pitch,Win first contact,最初の競り合いを勝て,Win first contact.,Win_first_contact.mp3,YES,daniel_tts
pitch,Squeeze up,押し上げろ,Squeeze up together.,Squeeze_up.mp3,YES,original
pitch,Control the game,試合を支配しろ,Control the game.,Control_the_game.mp3,YES,daniel_tts
pitch,Manage the game,試合を管理しろ,Manage the game now.,Manage_the_game.mp3,YES,daniel_tts
pitch,Kill the game,試合を終わらせろ,Kill the game with another goal.,Kill_the_game.mp3,YES,daniel_tts
pitch,See it out,逃げ切れ,See it out.,See_it_out.mp3,YES,original
pitch,Slow the tempo,テンポを落とせ,Slow the tempo.,Slow_the_tempo.mp3,YES,daniel_tts
pitch,Raise the tempo,テンポを上げろ,Raise the tempo.,Raise_the_tempo.mp3,YES,daniel_tts
pitch,Win second balls,セカンドを拾え,Win second balls.,Win_second_balls.mp3,YES,daniel_tts
pitch,Protect the lead,リードを守れ,Protect the lead.,Protect_the_lead.mp3,YES,daniel_tts
pitch,Play through pressure,プレッシャーを剥がせ,Play through pressure.,Play_through_pressure.mp3,YES,daniel_tts
pitch,Break the press,プレスを外せ,Break the press.,Break_the_press.mp3,YES,daniel_tts
pitch,attacking third,アタッキングサード,attacking third,attacking_third.mp3,YES,daniel_tts
pitch,defensive third,ディフェンシブサード,defensive third,defensive_third.mp3,YES,daniel_tts
pitch,middle third,ミドルサード,middle third,middle_third.mp3,YES,daniel_tts
pitch,final third,ファイナルサード,final third,final_third.mp3,YES,daniel_tts
pitch,half space,ハーフスペース,half space,half_space.mp3,YES,daniel_tts
pitch,central area,中央エリア,central area,central_area.mp3,YES,daniel_tts
pitch,wide area,サイドエリア,wide area,wide_area.mp3,YES,daniel_tts
pitch,corridor,レーン,corridor,corridor.mp3,YES,daniel_tts
pitch,channel,チャンネル,channel,channel.mp3,YES,daniel_tts
pitch,inside channel,インサイドチャンネル,inside channel,inside_channel.mp3,YES,daniel_tts
pitch,outside channel,アウトサイドチャンネル,outside channel,outside_channel.mp3,YES,daniel_tts
pitch,low block,ローブロック,low block,low_block.mp3,YES,daniel_tts
pitch,mid block,ミドルブロック,mid block,mid_block.mp3,YES,daniel_tts
pitch,high block,ハイブロック,high block,high_block.mp3,YES,daniel_tts
pitch,high press,ハイプレス,high press,high_press.mp3,YES,daniel_tts
pitch,counter press,即時奪回,counter press,counter_press.mp3,YES,daniel_tts
pitch,gegenpress,ゲーゲンプレス,gegenpress,gegenpress.mp3,YES,daniel_tts
pitch,pressing trigger,プレスの合図,pressing trigger,pressing_trigger.mp3,YES,daniel_tts
pitch,press resistance,プレス耐性,press resistance,press_resistance.mp3,YES,daniel_tts
pitch,compact shape,コンパクトな陣形,compact shape,compact_shape.mp3,YES,daniel_tts
pitch,team shape,チームの形,team shape,team_shape.mp3,YES,daniel_tts
pitch,rest defence,ネガトラ配置,rest defence,rest_defence.mp3,YES,daniel_tts
pitch,transition,トランジション,transition,transition.mp3,YES,daniel_tts
pitch,positive transition,攻撃への切替,positive transition,positive_transition.mp3,YES,daniel_tts
pitch,negative transition,守備への切替,negative transition,negative_transition.mp3,YES,daniel_tts
pitch,counter attack,カウンター,counter attack,counter_attack.mp3,YES,daniel_tts
pitch,build-up,ビルドアップ,build-up,build-up.mp3,YES,daniel_tts
pitch,possession play,ポゼッション,possession play,possession_play.mp3,YES,daniel_tts
pitch,direct play,ダイレクトプレー,direct play,direct_play.mp3,YES,daniel_tts
pitch,route one,ロングボール戦術,route one,route_one.mp3,YES,daniel_tts
pitch,switch of play,サイドチェンジ,switch of play,switch_of_play.mp3,YES,daniel_tts
pitch,overload,数的優位,overload,overload.mp3,YES,daniel_tts
pitch,underload,数的不利,underload,underload.mp3,YES,daniel_tts
pitch,isolation,1対1状況,isolation,isolation.mp3,YES,daniel_tts
pitch,rotation,ポジションチェンジ,rotation,rotation.mp3,YES,daniel_tts
pitch,third man run,3人目の動き,third man run,third_man_run.mp3,YES,daniel_tts
pitch,wall pass,壁パス,wall pass,wall_pass.mp3,YES,daniel_tts
pitch,combination play,コンビネーション,combination play,combination_play.mp3,YES,daniel_tts
pitch,penetration,縦への侵入,penetration,penetration.mp3,YES,daniel_tts
pitch,line breaking pass,ライン間パス,line breaking pass,line_breaking_pass.mp3,YES,daniel_tts
pitch,vertical pass,縦パス,vertical pass,vertical_pass.mp3,YES,daniel_tts
pitch,horizontal pass,横パス,horizontal pass,horizontal_pass.mp3,YES,daniel_tts
pitch,diagonal pass,斜めパス,diagonal pass,diagonal_pass.mp3,YES,daniel_tts
pitch,switch play,展開変更,switch play,switch_play.mp3,YES,daniel_tts
pitch,deep block,撤退守備,deep block,deep_block.mp3,YES,daniel_tts
pitch,high line,ハイライン,high line,high_line.mp3,YES,daniel_tts
pitch,offside trap,オフサイドトラップ,offside trap,offside_trap.mp3,YES,daniel_tts
pitch,man marking,マンツーマン,man marking,man_marking.mp3,YES,daniel_tts
pitch,zonal marking,ゾーン守備,zonal marking,zonal_marking.mp3,YES,daniel_tts
pitch,hybrid marking,ハイブリッド守備,hybrid marking,hybrid_marking.mp3,YES,daniel_tts
pitch,centre-back,センターバック,centre-back,centre-back.mp3,YES,daniel_tts
pitch,full-back,サイドバック,full-back,full-back.mp3,YES,daniel_tts
pitch,wing-back,ウイングバック,wing-back,wing-back.mp3,YES,daniel_tts
pitch,holding midfielder,アンカー,holding midfielder,holding_midfielder.mp3,YES,daniel_tts
pitch,defensive midfielder,守備的MF,defensive midfielder,defensive_midfielder.mp3,YES,daniel_tts
pitch,central midfielder,セントラルMF,central midfielder,central_midfielder.mp3,YES,daniel_tts
pitch,box-to-box midfielder,ボックス・トゥ・ボックス,box-to-box midfielder,box-to-box_midfielder.mp3,YES,daniel_tts
pitch,attacking midfielder,攻撃的MF,attacking midfielder,attacking_midfielder.mp3,YES,daniel_tts
pitch,number six,6番,number six,number_six.mp3,YES,daniel_tts
pitch,number eight,8番,number eight,number_eight.mp3,YES,daniel_tts
pitch,number ten,10番,number ten,number_ten.mp3,YES,daniel_tts
pitch,double pivot,ダブルボランチ,double pivot,double_pivot.mp3,YES,daniel_tts
pitch,single pivot,アンカー1枚,single pivot,single_pivot.mp3,YES,daniel_tts
pitch,false nine,偽9番,false nine,false_nine.mp3,YES,daniel_tts
pitch,target man,ターゲットマン,target man,target_man.mp3,YES,daniel_tts
pitch,inside forward,インサイドフォワード,inside forward,inside_forward.mp3,YES,daniel_tts
pitch,wide forward,ワイドFW,wide forward,wide_forward.mp3,YES,daniel_tts
pitch,second striker,セカンドトップ,second striker,second_striker.mp3,YES,daniel_tts
pitch,shadow striker,シャドーストライカー,shadow striker,shadow_striker.mp3,YES,daniel_tts
pitch,playmaker,ゲームメーカー,playmaker,playmaker.mp3,YES,daniel_tts
pitch,deep-lying playmaker,レジスタ,deep-lying playmaker,deep-lying_playmaker.mp3,YES,daniel_tts
pitch,ball-playing defender,ビルドアップ型CB,ball-playing defender,ball-playing_defender.mp3,YES,daniel_tts
pitch,inverted full-back,偽SB,inverted full-back,inverted_full-back.mp3,YES,daniel_tts
pitch,inverted winger,カットイン型WG,inverted winger,inverted_winger.mp3,YES,daniel_tts
pitch,overlapping full-back,攻撃参加SB,overlapping full-back,overlapping_full-back.mp3,YES,daniel_tts
pitch,underlapping full-back,インナーラップSB,underlapping full-back,underlapping_full-back.mp3,YES,daniel_tts
pitch,sweeper keeper,スイーパーGK,sweeper keeper,sweeper_keeper.mp3,YES,daniel_tts
pitch,anchor,アンカー,anchor,anchor.mp3,YES,daniel_tts
pitch,regista,レジスタ,regista,regista.mp3,YES,daniel_tts
pitch,destroyer,ボールハンター,destroyer,destroyer.mp3,YES,daniel_tts
pitch,overlap,オーバーラップ,overlap,overlap.mp3,YES,daniel_tts
pitch,underlap,アンダーラップ,underlap,underlap.mp3,YES,daniel_tts
pitch,pinning,CB固定,pinning,pinning.mp3,YES,daniel_tts
pitch,occupy defenders,DFを引き付ける,occupy defenders,occupy_defenders.mp3,YES,daniel_tts
pitch,stretch the line,ラインを広げる,stretch the line,stretch_the_line.mp3,YES,daniel_tts
pitch,compress space,スペースを圧縮する,compress space,compress_space.mp3,YES,daniel_tts
pitch,find pockets,ポケットを見つける,find pockets,find_pockets.mp3,YES,daniel_tts
pitch,between the lines,ライン間,between the lines,between_the_lines.mp3,YES,daniel_tts
pitch,play through lines,ラインを越える,play through lines,play_through_lines.mp3,YES,daniel_tts
pitch,break lines,ライン突破,break lines,break_lines.mp3,YES,daniel_tts
pitch,receive on the half-turn,半身で受ける,receive on the half-turn,receive_on_the_half-turn.mp3,YES,daniel_tts
pitch,scan,首を振る,scan,scan.mp3,YES,daniel_tts
pitch,body orientation,体の向き,body orientation,body_orientation.mp3,YES,daniel_tts
pitch,first touch direction,ファーストタッチ方向,first touch direction,first_touch_direction.mp3,YES,daniel_tts
pitch,support angle,サポート角度,support angle,support_angle.mp3,YES,daniel_tts
pitch,passing lane,パスコース,passing lane,passing_lane.mp3,YES,daniel_tts
pitch,cover shadow,カバーシャドウ,cover shadow,cover_shadow.mp3,YES,daniel_tts
pitch,jump to press,プレスへ出る,jump to press,jump_to_press.mp3,YES,daniel_tts
pitch,lock the side,サイド封鎖,lock the side,lock_the_side.mp3,YES,daniel_tts
pitch,trap outside,外へ誘導,trap outside,trap_outside.mp3,YES,daniel_tts
pitch,trap inside,中へ誘導,trap inside,trap_inside.mp3,YES,daniel_tts
pitch,numerical superiority,数的優位,numerical superiority,numerical_superiority.mp3,YES,daniel_tts
pitch,qualitative superiority,質的優位,qualitative superiority,qualitative_superiority.mp3,YES,daniel_tts
pitch,positional superiority,位置的優位,positional superiority,positional_superiority.mp3,YES,daniel_tts
pitch,free man,フリーマン,free man,free_man.mp3,YES,daniel_tts
pitch,blind-side run,死角へのラン,blind-side run,blind-side_run.mp3,YES,daniel_tts
pitch,late run,遅れて入る動き,late run,late_run.mp3,YES,daniel_tts
pitch,near-post run,ニアへのラン,near-post run,near-post_run.mp3,YES,daniel_tts
pitch,far-post run,ファーへのラン,far-post run,far-post_run.mp3,YES,daniel_tts
pitch,second-ball situation,セカンドボール局面,second-ball situation,second-ball_situation.mp3,YES,daniel_tts
pitch,build from the back,後方から組み立てる,build from the back,build_from_the_back.mp3,YES,daniel_tts
pitch,play out from the back,後方から前進する,play out from the back,play_out_from_the_back.mp3,YES,daniel_tts
pitch,retain possession,ボール保持,retain possession,retain_possession.mp3,YES,daniel_tts
pitch,circulate the ball,ボール循環,circulate the ball,circulate_the_ball.mp3,YES,daniel_tts
pitch,tempo control,テンポ管理,tempo control,tempo_control.mp3,YES,daniel_tts
pitch,game management,試合管理,game management,game_management.mp3,YES,daniel_tts
pitch,protect the lead,リード維持,protect the lead,protect_the_lead.mp3,YES,daniel_tts
pitch,see out the game,試合を締める,see out the game,see_out_the_game.mp3,YES,daniel_tts
pitch,break the press,プレス回避,break the press,break_the_press.mp3,YES,daniel_tts
pitch,play through pressure,圧力下で前進,play through pressure,play_through_pressure.mp3,YES,daniel_tts
locker,hamstring,ハムストリング,He felt his hamstring.,hamstring.mp3,YES,daniel_tts
locker,quad,大腿四頭筋,My quad feels tight.,quad.mp3,YES,daniel_tts
locker,calf,ふくらはぎ,He injured his calf.,calf.mp3,YES,daniel_tts
locker,groin,鼠径部,He's got a groin problem.,groin.mp3,YES,daniel_tts
locker,ankle,足首,He rolled his ankle.,ankle.mp3,YES,daniel_tts
locker,knee,膝,His knee is swollen.,knee.mp3,YES,daniel_tts
locker,hip,股関節,He feels pain in his hip.,hip.mp3,YES,daniel_tts
locker,back,腰・背中,My back is stiff.,back.mp3,YES,daniel_tts
locker,shoulder,肩,He dislocated his shoulder.,shoulder.mp3,YES,daniel_tts
locker,neck,首,My neck is sore.,neck.mp3,YES,daniel_tts
locker,strain,肉離れ,It's a minor strain.,strain.mp3,YES,daniel_tts
locker,sprain,捻挫,He suffered an ankle sprain.,sprain.mp3,YES,daniel_tts
locker,tear,断裂,He has a muscle tear.,tear.mp3,YES,daniel_tts
locker,rupture,完全断裂,He ruptured his ACL.,rupture.mp3,YES,daniel_tts
locker,inflammation,炎症,There is some inflammation.,inflammation.mp3,YES,daniel_tts
locker,swelling,腫れ,The swelling has gone down.,swelling.mp3,YES,daniel_tts
locker,bruise,打撲,It's just a bruise.,bruise.mp3,YES,daniel_tts
locker,cramp,けいれん,He got cramp.,cramp.mp3,YES,daniel_tts
locker,stiffness,張り,He's feeling stiffness.,stiffness.mp3,YES,daniel_tts
locker,fatigue,疲労,Muscle fatigue is normal.,fatigue.mp3,YES,daniel_tts
locker,knock,軽傷,Just a knock.,knock.mp3,YES,daniel_tts
locker,niggle,小さな違和感,He has a niggle.,niggle.mp3,YES,daniel_tts
locker,pain,痛み,He feels pain running.,pain.mp3,YES,daniel_tts
locker,soreness,筋肉痛,Normal soreness.,soreness.mp3,YES,daniel_tts
locker,tightness,張り感,Hamstring tightness.,tightness.mp3,YES,daniel_tts
locker,discomfort,不快感,Slight discomfort.,discomfort.mp3,YES,daniel_tts
locker,symptom,症状,Symptoms are improving.,symptom.mp3,YES,daniel_tts
locker,diagnosis,診断,We need a diagnosis.,diagnosis.mp3,YES,daniel_tts
locker,assessment,評価,Initial assessment completed.,assessment.mp3,YES,daniel_tts
locker,evaluation,状態確認,Medical evaluation tomorrow.,evaluation.mp3,YES,daniel_tts
locker,physio,理学療法士,Speak to the physio.,physio.mp3,YES,daniel_tts
locker,doctor,チームドクター,The doctor will check.,doctor.mp3,YES,daniel_tts
locker,medical staff,メディカルスタッフ,Inform medical staff.,medical_staff.mp3,YES,daniel_tts
locker,rehab,リハビリ,He's in rehab.,rehab.mp3,YES,daniel_tts
locker,treatment,治療,Treatment starts tomorrow.,treatment.mp3,YES,daniel_tts
locker,recovery,回復,Recovery is progressing.,recovery.mp3,YES,daniel_tts
locker,return to play,復帰,Return to play next week.,return_to_play.mp3,YES,daniel_tts
locker,fitness test,フィットネステスト,He passed the fitness test.,fitness_test.mp3,YES,daniel_tts
locker,medical clearance,出場許可,Medical clearance received.,medical_clearance.mp3,YES,daniel_tts
locker,availability,出場可能状態,Player availability is uncertain.,availability.mp3,YES,daniel_tts
locker,MRI scan,MRI検査,MRI scheduled tomorrow.,MRI_scan.mp3,YES,daniel_tts
locker,ultrasound,エコー検査,Ultrasound showed no tear.,ultrasound.mp3,YES,daniel_tts
locker,x-ray,レントゲン,X-ray was clear.,x-ray.mp3,YES,daniel_tts
locker,blood test,血液検査,Blood test completed.,blood_test.mp3,YES,daniel_tts
locker,ACL,前十字靭帯,He tore his ACL.,ACL.mp3,YES,daniel_tts
locker,MCL,内側側副靭帯,MCL injury confirmed.,MCL.mp3,YES,daniel_tts
locker,meniscus,半月板,Meniscus issue.,meniscus.mp3,YES,daniel_tts
locker,concussion,脳震盪,Suspected concussion.,concussion.mp3,YES,daniel_tts
locker,head injury,頭部外傷,Head injury protocol.,head_injury.mp3,YES,daniel_tts
locker,warm-up,ウォームアップ,Complete the warm-up.,warm-up.mp3,YES,daniel_tts
locker,cool-down,クールダウン,Don't skip cool-down.,cool-down.mp3,YES,daniel_tts
locker,stretching,ストレッチ,More stretching needed.,stretching.mp3,YES,daniel_tts
locker,mobility,可動域,Improve mobility.,mobility.mp3,YES,daniel_tts
locker,activation,活性化,Activation work first.,activation.mp3,YES,daniel_tts
locker,hydration,水分補給,Focus on hydration.,hydration.mp3,YES,daniel_tts
locker,nutrition,栄養管理,Nutrition is important.,nutrition.mp3,YES,daniel_tts
locker,sleep quality,睡眠の質,Sleep quality matters.,sleep_quality.mp3,YES,daniel_tts
locker,load management,負荷管理,Manage his load.,load_management.mp3,YES,daniel_tts
locker,monitoring,コンディション管理,Daily monitoring.,monitoring.mp3,YES,daniel_tts
locker,minutes restriction,出場時間制限,Minutes restriction applies.,minutes_restriction.mp3,YES,daniel_tts
locker,full training,全体練習復帰,He's back in full training.,full_training.mp3,YES,daniel_tts
locker,individual training,個別練習,Individual training today.,individual_training.mp3,YES,daniel_tts
locker,modified training,制限付き練習,Modified training session.,modified_training.mp3,YES,daniel_tts
locker,non-contact,接触なし,Non-contact training only.,non-contact.mp3,YES,daniel_tts
locker,contact training,接触あり練習,Back to contact training.,contact_training.mp3,YES,daniel_tts
locker,fit,出場可能,He is fit.,fit.mp3,YES,daniel_tts
locker,fully fit,完全復帰,He is fully fit.,fully_fit.mp3,YES,daniel_tts
locker,unfit,出場不可,He is unfit.,unfit.mp3,YES,daniel_tts
locker,ruled out,欠場決定,He's ruled out.,ruled_out.mp3,YES,daniel_tts
locker,accommodation,住居,The club arranged accommodation.,accommodation.mp3,YES,daniel_tts
locker,apartment,アパート,I moved into my apartment.,apartment.mp3,YES,daniel_tts
locker,house,一軒家,The player rented a house.,house.mp3,YES,daniel_tts
locker,landlord,大家,Contact your landlord.,landlord.mp3,YES,daniel_tts
locker,lease agreement,賃貸契約,Sign the lease agreement.,lease_agreement.mp3,YES,daniel_tts
locker,utility bill,光熱費請求書,Bring your utility bill.,utility_bill.mp3,YES,daniel_tts
locker,internet connection,インターネット回線,The internet connection is ready.,internet_connection.mp3,YES,daniel_tts
locker,bank account,銀行口座,Open a bank account.,bank_account.mp3,YES,daniel_tts
locker,debit card,デビットカード,Most players use a debit card.,debit_card.mp3,YES,daniel_tts
locker,direct debit,自動引落し,Set up a direct debit.,direct_debit.mp3,YES,daniel_tts
locker,salary,給与,Salary is paid monthly.,salary.mp3,YES,daniel_tts
locker,payslip,給与明細,Check your payslip.,payslip.mp3,YES,daniel_tts
locker,tax,税金,Tax is deducted automatically.,tax.mp3,YES,daniel_tts
locker,insurance,保険,The club provides insurance.,insurance.mp3,YES,daniel_tts
locker,work permit,就労許可,He received his work permit.,work_permit.mp3,YES,daniel_tts
locker,visa,ビザ,My visa was approved.,visa.mp3,YES,daniel_tts
locker,passport,パスポート,Keep your passport safe.,passport.mp3,YES,daniel_tts
locker,residency permit,滞在許可証,Apply for a residency permit.,residency_permit.mp3,YES,daniel_tts
locker,registration,選手登録,Registration is complete.,registration.mp3,YES,daniel_tts
locker,international clearance,国際移籍承認,Waiting for international clearance.,international_clearance.mp3,YES,daniel_tts
locker,clubhouse,クラブハウス,Meet me at the clubhouse.,clubhouse.mp3,YES,daniel_tts
locker,training ground,練習場,Be at the training ground by nine.,training_ground.mp3,YES,daniel_tts
locker,first team,トップチーム,He's training with the first team.,first_team.mp3,YES,daniel_tts
locker,reserve team,リザーブチーム,He plays for the reserve team.,reserve_team.mp3,YES,daniel_tts
locker,academy,アカデミー,He came through the academy.,academy.mp3,YES,daniel_tts
locker,kit room,用具室,Pick up your boots at the kit room.,kit_room.mp3,YES,daniel_tts
locker,kit man,用具係,Ask the kit man.,kit_man.mp3,YES,daniel_tts
locker,equipment manager,用具担当,The equipment manager will help.,equipment_manager.mp3,YES,daniel_tts
locker,physio room,メディカルルーム,Meet the physio in the physio room.,physio_room.mp3,YES,daniel_tts
locker,gym,ジム,We have gym work today.,gym.mp3,YES,daniel_tts
locker,team bus,チームバス,The team bus leaves at ten.,team_bus.mp3,YES,daniel_tts
locker,away trip,遠征,We have an away trip tomorrow.,away_trip.mp3,YES,daniel_tts
locker,hotel,ホテル,The team stays at a hotel.,hotel.mp3,YES,daniel_tts
locker,roommate,同部屋,Who is my roommate?,roommate.mp3,YES,daniel_tts
locker,team meal,チーム食事会,Team meal at seven.,team_meal.mp3,YES,daniel_tts
locker,meal plan,食事プラン,Follow the meal plan.,meal_plan.mp3,YES,daniel_tts
locker,nutritionist,栄養士,Speak to the nutritionist.,nutritionist.mp3,YES,daniel_tts
locker,chef,専属シェフ,The chef prepares meals.,chef.mp3,YES,daniel_tts
locker,hydration station,給水所,Use the hydration station.,hydration_station.mp3,YES,daniel_tts
locker,recovery area,リカバリーエリア,Recovery area is downstairs.,recovery_area.mp3,YES,daniel_tts
locker,team meeting,チームミーティング,Team meeting at noon.,team_meeting.mp3,YES,daniel_tts
locker,video session,映像分析,We have a video session.,video_session.mp3,YES,daniel_tts
locker,analysis meeting,分析ミーティング,Attend the analysis meeting.,analysis_meeting.mp3,YES,daniel_tts
locker,matchday schedule,試合日程表,Check the matchday schedule.,matchday_schedule.mp3,YES,daniel_tts
locker,curfew,門限,Curfew is at 10 p.m.,curfew.mp3,YES,daniel_tts
locker,day off,オフ日,Tomorrow is a day off.,day_off.mp3,YES,daniel_tts
locker,rest day,休養日,Use the rest day wisely.,rest_day.mp3,YES,daniel_tts
locker,travel day,移動日,Today is a travel day.,travel_day.mp3,YES,daniel_tts
locker,recovery session,リカバリー練習,Recovery session this morning.,recovery_session.mp3,YES,daniel_tts
locker,activation session,活性化練習,Activation session before the match.,activation_session.mp3,YES,daniel_tts
locker,player liaison,選手サポート担当,The player liaison can help.,player_liaison.mp3,YES,daniel_tts
locker,club secretary,クラブ事務局,Contact the club secretary.,club_secretary.mp3,YES,daniel_tts
locker,sporting director,SD（強化責任者）,The sporting director called.,sporting_director.mp3,YES,daniel_tts
locker,head coach,監督,Speak with the head coach.,head_coach.mp3,YES,daniel_tts
locker,assistant coach,コーチ,Assistant coach is leading training.,assistant_coach.mp3,YES,daniel_tts
locker,goalkeeping coach,GKコーチ,Goalkeeping coach is here.,goalkeeping_coach.mp3,YES,daniel_tts
locker,strength coach,フィジカルコーチ,Work with the strength coach.,strength_coach.mp3,YES,daniel_tts
locker,analyst,アナリスト,The analyst prepared clips.,analyst.mp3,YES,daniel_tts
locker,translator,通訳,The translator will join us.,translator.mp3,YES,daniel_tts
locker,agent,エージェント,Speak with your agent.,agent.mp3,YES,daniel_tts
locker,local area,地域,Learn about the local area.,local_area.mp3,YES,daniel_tts
locker,public transport,公共交通機関,Use public transport.,public_transport.mp3,YES,daniel_tts
locker,driving licence,運転免許証,Convert your driving licence.,driving_licence.mp3,YES,daniel_tts
locker,car insurance,自動車保険,Car insurance is required.,car_insurance.mp3,YES,daniel_tts
locker,mobile contract,携帯契約,Sign a mobile contract.,mobile_contract.mp3,YES,daniel_tts
locker,emergency contact,緊急連絡先,Update your emergency contact.,emergency_contact.mp3,YES,daniel_tts
locker,language lesson,語学レッスン,Attend language lessons.,language_lesson.mp3,YES,daniel_tts
locker,settle in,新生活に慣れる,He is settling in well.,settle_in.mp3,YES,daniel_tts
locker,homesick,ホームシック,Many young players get homesick.,homesick.mp3,YES,daniel_tts
locker,adaptation period,適応期間,The adaptation period takes time.,adaptation_period.mp3,YES,daniel_tts
locker,proper player,本当に良い選手,He's a proper player.,proper_player.mp3,YES,daniel_tts
locker,proper footballer,本物のフットボーラー,He's a proper footballer.,proper_footballer.mp3,YES,daniel_tts
locker,top lad,最高の奴,He's a top lad.,top_lad.mp3,YES,daniel_tts
locker,good lad,いい奴,He's a good lad.,good_lad.mp3,YES,daniel_tts
locker,quality player,質の高い選手,He's a quality player.,quality_player.mp3,YES,daniel_tts
locker,quality,最高だ,That's quality.,quality.mp3,YES,daniel_tts
locker,class,一流,He's pure class.,class.mp3,YES,daniel_tts
locker,different class,格が違う,He's a different class.,different_class.mp3,YES,daniel_tts
locker,different gravy,別格,He's different gravy.,different_gravy.mp3,YES,daniel_tts
locker,unreal,ヤバい,That's unreal.,unreal.mp3,YES,daniel_tts
locker,baller,上手い選手,He's a baller.,baller.mp3,YES,daniel_tts
locker,absolute baller,超上手い選手,He's an absolute baller.,absolute_baller.mp3,YES,daniel_tts
locker,technician,技術屋,He's a technician.,technician.mp3,YES,daniel_tts
locker,rolls royce,優雅な選手,He's a Rolls Royce defender.,rolls_royce.mp3,YES,daniel_tts
locker,engine,運動量お化け,He's got an engine.,engine.mp3,YES,daniel_tts
locker,workhorse,働き者,He's a workhorse.,workhorse.mp3,YES,daniel_tts
locker,beast,化け物,He's a beast.,beast.mp3,YES,daniel_tts
locker,monster,怪物,He's a monster.,monster.mp3,YES,daniel_tts
locker,tank,戦車みたいな奴,He's built like a tank.,tank.mp3,YES,daniel_tts
locker,unit,ガタイの良い奴,He's an absolute unit.,unit.mp3,YES,daniel_tts
locker,buzzing,超嬉しい,I'm buzzing.,buzzing.mp3,YES,daniel_tts
locker,chuffed,嬉しい,I'm chuffed.,chuffed.mp3,YES,daniel_tts
locker,gutted,最悪だ,I'm gutted.,gutted.mp3,YES,daniel_tts
locker,fuming,ブチ切れ,He's fuming.,fuming.mp3,YES,daniel_tts
locker,raging,激怒している,The gaffer is raging.,raging.mp3,YES,daniel_tts
locker,knackered,クタクタ,I'm knackered.,knackered.mp3,YES,daniel_tts
locker,shattered,ボロボロ,I'm shattered.,shattered.mp3,YES,daniel_tts
locker,dead on my feet,立てないほど疲れた,I'm dead on my feet.,dead_on_my_feet.mp3,YES,daniel_tts
locker,absolutely flying,絶好調,He's absolutely flying.,absolutely_flying.mp3,YES,daniel_tts
locker,on fire,ノっている,He's on fire.,on_fire.mp3,YES,daniel_tts
locker,sorted,問題なし,We're sorted.,sorted.mp3,YES,daniel_tts
locker,spot on,完璧,Spot on.,spot_on.mp3,YES,daniel_tts
locker,sound,いい感じ,He's sound.,sound.mp3,YES,daniel_tts
locker,fair play,お見事,Fair play to him.,fair_play.mp3,YES,daniel_tts
locker,good shout,いい案,That's a good shout.,good_shout.mp3,YES,daniel_tts
locker,cheeky,小粋な,Cheeky finish.,cheeky.mp3,YES,daniel_tts
locker,cheeky nutmeg,股抜き,He hit a cheeky nutmeg.,cheeky_nutmeg.mp3,YES,daniel_tts
locker,having a laugh,冗談だろ,Are you having a laugh?,having_a_laugh.mp3,YES,daniel_tts
locker,taking the piss,バカにする,He's taking the piss.,taking_the_piss.mp3,YES,daniel_tts
locker,wind him up,イラつかせる,Don't wind him up.,wind_him_up.mp3,YES,daniel_tts
locker,bottle it,ビビる,He bottled it.,bottle_it.mp3,YES,daniel_tts
locker,bottler,勝負弱い奴,He's a bottler.,bottler.mp3,YES,daniel_tts
locker,lost his head,頭に血が上る,He lost his head.,lost_his_head.mp3,YES,daniel_tts
locker,head's gone,メンタル崩壊,His head's gone.,heads_gone.mp3,YES,daniel_tts
locker,switch off,集中切れ,He switched off.,switch_off.mp3,YES,daniel_tts
locker,sleeping,ボーッとしている,You're sleeping.,sleeping.mp3,YES,daniel_tts
locker,shocking,ひどい,That was shocking.,shocking.mp3,YES,daniel_tts
locker,poor,良くない,That's poor.,poor.mp3,YES,daniel_tts
locker,smash it,大成功する,You'll smash it.,smash_it.mp3,YES,daniel_tts
locker,do the business,結果を出す,He always does the business.,do_the_business.mp3,YES,daniel_tts
locker,deliver,結果を出す,He delivered again.,deliver.mp3,YES,daniel_tts
locker,turn up,活躍する,He turned up today.,turn_up.mp3,YES,daniel_tts
locker,kick on,さらに伸びる,He'll kick on now.,kick_on.mp3,YES,daniel_tts
locker,push on,前進する,Let's push on.,push_on.mp3,YES,daniel_tts
locker,crack on,やろうぜ,Let's crack on.,crack_on.mp3,YES,daniel_tts
locker,get stuck in,ガツガツ行け,Get stuck in.,get_stuck_in.mp3,YES,daniel_tts
locker,lads,仲間たち,The lads were great.,lads.mp3,YES,daniel_tts
locker,the boys,仲間たち,The boys are buzzing.,the_boys.mp3,YES,daniel_tts
locker,new boy,新入り,He's the new boy.,new_boy.mp3,YES,daniel_tts
locker,academy kid,アカデミー育ち,He's an academy kid.,academy_kid.mp3,YES,daniel_tts
locker,first-teamer,トップチーム選手,He's a first-teamer now.,first-teamer.mp3,YES,daniel_tts
locker,veteran,ベテラン,He's a veteran.,veteran.mp3,YES,daniel_tts
locker,club legend,レジェンド,He's a club legend.,club_legend.mp3,YES,daniel_tts
locker,one of our own,生え抜き,He's one of our own.,one_of_our_own.mp3,YES,daniel_tts
locker,you alright?,元気？,"You alright, mate?",you_alright.mp3,YES,daniel_tts
locker,alright?,元気？,Alright?,alright.mp3,YES,daniel_tts
locker,how's it going?,調子どう？,How's it going?,hows_it_going.mp3,YES,daniel_tts
locker,what's up?,どうした？,What's up?,whats_up.mp3,YES,daniel_tts
locker,not bad,悪くない,"Not bad, thanks.",not_bad.mp3,YES,daniel_tts
locker,can't complain,まあまあかな,Can't complain.,cant_complain.mp3,YES,daniel_tts
locker,all good,問題ない,All good here.,all_good.mp3,YES,daniel_tts
locker,living the dream,頑張ってるよ,Living the dream.,living_the_dream.mp3,YES,daniel_tts
locker,same old,相変わらず,Same old.,same_old.mp3,YES,daniel_tts
locker,cheers,ありがとう,"Cheers, mate.",cheers.mp3,YES,daniel_tts
locker,thanks mate,ありがとう,Thanks mate.,thanks_mate.mp3,YES,daniel_tts
locker,nice one,ナイス、ありがとう,Nice one.,nice_one.mp3,YES,daniel_tts
locker,appreciate it,助かるよ,Appreciate it.,appreciate_it.mp3,YES,daniel_tts
locker,legend,神だね,You're a legend.,legend.mp3,YES,daniel_tts
locker,top man,最高だよ,Top man.,top_man.mp3,YES,daniel_tts
locker,no worries,大丈夫,No worries.,no_worries.mp3,YES,daniel_tts
locker,no problem,問題ない,No problem.,no_problem.mp3,YES,daniel_tts
locker,leave it with me,任せて,Leave it with me.,leave_it_with_me.mp3,YES,daniel_tts
locker,I'll sort it,何とかする,I'll sort it.,Ill_sort_it.mp3,YES,daniel_tts
locker,works for me,それでOK,Works for me.,works_for_me.mp3,YES,daniel_tts
locker,mate,相棒,"Cheers, mate.",mate.mp3,YES,daniel_tts
locker,pal,友達,"See you later, pal.",pal.mp3,YES,daniel_tts
locker,buddy,相棒,Thanks buddy.,buddy.mp3,YES,daniel_tts
locker,lad,若い男,Good lad.,lad.mp3,YES,daniel_tts
locker,bloke,男,Nice bloke.,bloke.mp3,YES,daniel_tts
locker,fella,奴,Good fella.,fella.mp3,YES,daniel_tts
locker,fancy a coffee?,コーヒーどう？,Fancy a coffee?,fancy_a_coffee.mp3,YES,daniel_tts
locker,fancy lunch?,昼飯どう？,Fancy lunch later?,fancy_lunch.mp3,YES,daniel_tts
locker,grab a coffee,コーヒー飲もう,Let's grab a coffee.,grab_a_coffee.mp3,YES,daniel_tts
locker,grab a bite,軽く食べよう,Let's grab a bite.,grab_a_bite.mp3,YES,daniel_tts
locker,you in?,参加する？,You in?,you_in.mp3,YES,daniel_tts
locker,count me in,行くよ,Count me in.,count_me_in.mp3,YES,daniel_tts
locker,I'm up for it,いいね,I'm up for it.,Im_up_for_it.mp3,YES,daniel_tts
locker,can't make it,行けない,"Sorry, can't make it.",cant_make_it.mp3,YES,daniel_tts
locker,over the moon,大喜び,I'm over the moon.,over_the_moon.mp3,YES,daniel_tts
locker,reckon,～だと思う,I reckon so.,reckon.mp3,YES,daniel_tts
locker,to be fair,正直言うと,"To be fair, he's right.",to_be_fair.mp3,YES,daniel_tts
locker,fair enough,なるほど,Fair enough.,fair_enough.mp3,YES,daniel_tts
locker,see you later,またね,See you later.,see_you_later.mp3,YES,daniel_tts
locker,see you in a bit,後でね,See you in a bit.,see_you_in_a_bit.mp3,YES,daniel_tts
locker,take care,気をつけて,Take care.,take_care.mp3,YES,daniel_tts
locker,have a good one,良い一日を,Have a good one.,have_a_good_one.mp3,YES,daniel_tts
locker,catch you later,また後で,Catch you later.,catch_you_later.mp3,YES,daniel_tts
locker,all the best,幸運を,All the best.,all_the_best.mp3,YES,daniel_tts
locker,morning lads,おはようみんな,Morning lads.,morning_lads.mp3,YES,daniel_tts
locker,how's things?,調子どう？,How's things?,hows_things.mp3,YES,daniel_tts
locker,good weekend?,週末どうだった？,Good weekend?,good_weekend.mp3,YES,daniel_tts
locker,how's the family?,家族元気？,How's the family?,hows_the_family.mp3,YES,daniel_tts
locker,long time no see,久しぶり,Long time no see.,long_time_no_see.mp3,YES,daniel_tts
locker,good to have you back,おかえり,Good to have you back.,good_to_have_you_back.mp3,YES,daniel_tts
locker,get changed,着替えろ,Get changed quickly.,get_changed.mp3,YES,daniel_tts
locker,boots on,スパイク履け,Boots on in five.,boots_on.mp3,YES,daniel_tts
locker,meeting in five,5分後ミーティング,Meeting in five.,meeting_in_five.mp3,YES,daniel_tts
locker,grab your bib,ビブス取れ,Grab your bib.,grab_your_bib.mp3,YES,daniel_tts
locker,don't be late,遅れるな,Don't be late.,dont_be_late.mp3,YES,daniel_tts
locker,let's go boys,行くぞ,Let's go boys.,lets_go_boys.mp3,YES,daniel_tts
locker,ready to go?,準備OK？,Ready to go?,ready_to_go.mp3,YES,daniel_tts
locker,where are my boots?,スパイクどこ？,Where are my boots?,where_are_my_boots.mp3,YES,daniel_tts
locker,where's my kit?,ユニフォームどこ？,Where's my kit?,wheres_my_kit.mp3,YES,daniel_tts
locker,pass the tape,テーピング取って,Pass the tape.,pass_the_tape.mp3,YES,daniel_tts
locker,who's on music?,誰が音楽担当？,Who's on music today?,whos_on_music.mp3,YES,daniel_tts
locker,this tune is quality,この曲最高,This tune is quality.,this_tune_is_quality.mp3,YES,daniel_tts
locker,that's a banger,神曲だ,That's a banger.,thats_a_banger.mp3,YES,daniel_tts
locker,ice bath time,アイスバスの時間,Ice bath time.,ice_bath_time.mp3,YES,daniel_tts
locker,stretch properly,ちゃんと伸ばせ,Stretch properly.,stretch_properly.mp3,YES,daniel_tts
locker,grab a shake,プロテイン飲もう,Grab a shake.,grab_a_shake.mp3,YES,daniel_tts
locker,how are the legs?,足どう？,How are the legs?,how_are_the_legs.mp3,YES,daniel_tts
locker,feeling fresh?,元気？,Feeling fresh?,feeling_fresh.mp3,YES,daniel_tts
locker,feeling heavy,体重い,Feeling heavy today.,feeling_heavy.mp3,YES,daniel_tts
locker,bit sore,少し痛い,I'm a bit sore.,bit_sore.mp3,YES,daniel_tts
locker,good session,良い練習だった,Good session today.,good_session.mp3,YES,daniel_tts
locker,good shift,よく頑張った,Good shift.,good_shift.mp3,YES,daniel_tts
locker,unlucky mate,惜しかった,Unlucky mate.,unlucky_mate.mp3,YES,daniel_tts
locker,you'll be alright,大丈夫だ,You'll be alright.,youll_be_alright.mp3,YES,daniel_tts
locker,head up,顔上げろ,Head up.,head_up.mp3,YES,daniel_tts
locker,forget about it,切り替えろ,Forget about it.,forget_about_it.mp3,YES,daniel_tts
locker,first round on you,最初の一杯はお前,First round on you.,first_round_on_you.mp3,YES,daniel_tts
locker,settling in alright?,慣れてきた？,Settling in alright?,settling_in_alright.mp3,YES,daniel_tts
locker,who are you rooming with?,誰と同部屋？,Who are you rooming with?,who_are_you_rooming_with.mp3,YES,daniel_tts
locker,team meal tonight,今夜はチーム飯,Team meal tonight.,team_meal_tonight.mp3,YES,daniel_tts
locker,see you at dinner,晩飯でな,See you at dinner.,see_you_at_dinner.mp3,YES,daniel_tts
locker,the lads are heading out,みんな出かけるぞ,The lads are heading out.,the_lads_are_heading_out.mp3,YES,daniel_tts
comm,good performance,良いパフォーマンス,It was a good performance.,good_performance.mp3,YES,daniel_tts
comm,team effort,チーム全員の成果,It was a team effort.,team_effort.mp3,YES,daniel_tts
comm,great result,良い結果,It's a great result for us.,great_result.mp3,YES,daniel_tts
comm,important win,大きな勝利,It was an important win.,important_win.mp3,YES,daniel_tts
comm,deserved win,妥当な勝利,It was a deserved win.,deserved_win.mp3,YES,daniel_tts
comm,hard-fought win,苦しんだ末の勝利,It was a hard-fought win.,hard-fought_win.mp3,YES,daniel_tts
comm,clean sheet,無失点,We kept a clean sheet.,clean_sheet.mp3,YES,daniel_tts
comm,three points,勝点3,The most important thing is the three points.,three_points.mp3,YES,daniel_tts
comm,momentum,勢い,We need to keep this momentum.,momentum.mp3,YES,daniel_tts
comm,consistency,継続性,Consistency is the key.,consistency.mp3,YES,daniel_tts
comm,credit to the lads,仲間を称えたい,Credit to the lads.,credit_to_the_lads.mp3,YES,daniel_tts
comm,full credit to them,相手を称える,Full credit to them.,full_credit_to_them.mp3,YES,daniel_tts
comm,fantastic support,素晴らしい応援,The fans gave us fantastic support.,fantastic_support.mp3,YES,daniel_tts
comm,our supporters,サポーター,Our supporters were amazing.,our_supporters.mp3,YES,daniel_tts
comm,home crowd,ホームの観客,The home crowd pushed us forward.,home_crowd.mp3,YES,daniel_tts
comm,away fans,アウェイサポーター,Thanks to the away fans.,away_fans.mp3,YES,daniel_tts
comm,special atmosphere,特別な雰囲気,It was a special atmosphere.,special_atmosphere.mp3,YES,daniel_tts
comm,big occasion,大舞台,It's a big occasion.,big_occasion.mp3,YES,daniel_tts
comm,top opponent,強豪相手,They are a top opponent.,top_opponent.mp3,YES,daniel_tts
comm,quality side,質の高いチーム,They're a quality side.,quality_side.mp3,YES,daniel_tts
comm,at the end of the day,結局のところ,"At the end of the day, we won.",at_the_end_of_the_day.mp3,YES,daniel_tts
comm,we move on,切り替える,We move on to the next game.,we_move_on.mp3,YES,daniel_tts
comm,one game at a time,一戦一戦,We take it one game at a time.,one_game_at_a_time.mp3,YES,daniel_tts
comm,keep improving,成長し続ける,We need to keep improving.,keep_improving.mp3,YES,daniel_tts
comm,stay focused,集中を保つ,We must stay focused.,stay_focused.mp3,YES,daniel_tts
comm,stay humble,謙虚でいる,We stay humble.,stay_humble.mp3,YES,daniel_tts
comm,keep working hard,努力を続ける,We keep working hard.,keep_working_hard.mp3,YES,daniel_tts
comm,learn from it,学びにする,We learn from it.,learn_from_it.mp3,YES,daniel_tts
comm,bounce back,立て直す,We'll bounce back.,bounce_back.mp3,YES,daniel_tts
comm,take responsibility,責任を負う,I take responsibility.,take_responsibility.mp3,YES,daniel_tts
comm,disappointed,残念だ,We're disappointed.,disappointed.mp3,YES,daniel_tts
comm,frustrated,悔しい,It's frustrating.,frustrated.mp3,YES,daniel_tts
comm,tough game,難しい試合,It was a tough game.,tough_game.mp3,YES,daniel_tts
comm,tough opponent,手強い相手,They were a tough opponent.,tough_opponent.mp3,YES,daniel_tts
comm,close game,接戦,It was a close game.,close_game.mp3,YES,daniel_tts
comm,fine margins,紙一重,Football is about fine margins.,fine_margins.mp3,YES,daniel_tts
comm,small details,小さな差,Small details made the difference.,small_details.mp3,YES,daniel_tts
comm,unfortunate,不運だった,It was unfortunate.,unfortunate.mp3,YES,daniel_tts
comm,deserved more,もっと報われるべきだった,We deserved more today.,deserved_more.mp3,YES,daniel_tts
comm,not good enough,不十分だった,We were not good enough.,not_good_enough.mp3,YES,daniel_tts
comm,confidence,自信,My confidence is growing.,confidence.mp3,YES,daniel_tts
comm,belief,信念,We believe in ourselves.,belief.mp3,YES,daniel_tts
comm,character,メンタルの強さ,The team showed character.,character.mp3,YES,daniel_tts
comm,mentality,メンタリティ,Winning mentality matters.,mentality.mp3,YES,daniel_tts
comm,leadership,リーダーシップ,He showed leadership.,leadership.mp3,YES,daniel_tts
comm,professionalism,プロ意識,His professionalism is excellent.,professionalism.mp3,YES,daniel_tts
comm,commitment,献身性,The commitment was excellent.,commitment.mp3,YES,daniel_tts
comm,determination,決意,We showed determination.,determination.mp3,YES,daniel_tts
comm,ambition,向上心,We have ambition.,ambition.mp3,YES,daniel_tts
comm,motivation,モチベーション,Motivation is high.,motivation.mp3,YES,daniel_tts
comm,debut,デビュー戦,It was my debut.,debut.mp3,YES,daniel_tts
comm,first goal,初ゴール,I'm happy with my first goal.,first_goal.mp3,YES,daniel_tts
comm,milestone,節目,It's an important milestone.,milestone.mp3,YES,daniel_tts
comm,career,キャリア,It's part of my career.,career.mp3,YES,daniel_tts
comm,journey,道のり,It's been a long journey.,journey.mp3,YES,daniel_tts
comm,dream come true,夢が叶った,It's a dream come true.,dream_come_true.mp3,YES,daniel_tts
comm,proud moment,誇らしい瞬間,It's a proud moment.,proud_moment.mp3,YES,daniel_tts
comm,special moment,特別な瞬間,It was a special moment.,special_moment.mp3,YES,daniel_tts
comm,family support,家族の支え,Thanks for my family's support.,family_support.mp3,YES,daniel_tts
comm,grateful,感謝している,I'm grateful for everything.,grateful.mp3,YES,daniel_tts
comm,interview,インタビュー,I have an interview now.,interview.mp3,YES,daniel_tts
comm,press conference,記者会見,The press conference starts soon.,press_conference.mp3,YES,daniel_tts
comm,mixed zone,ミックスゾーン,See you in the mixed zone.,mixed_zone.mp3,YES,daniel_tts
comm,media duties,メディア対応,Media duties after the game.,media_duties.mp3,YES,daniel_tts
comm,broadcast interview,放送用インタビュー,He did a broadcast interview.,broadcast_interview.mp3,YES,daniel_tts
comm,live interview,生中継インタビュー,It was a live interview.,live_interview.mp3,YES,daniel_tts
comm,headline,見出し,That became the headline.,headline.mp3,YES,daniel_tts
comm,quote,コメント,That's a good quote.,quote.mp3,YES,daniel_tts
comm,off the record,オフレコ,This is off the record.,off_the_record.mp3,YES,daniel_tts
comm,soundbite,短いコメント,Give us a soundbite.,soundbite.mp3,YES,daniel_tts
paper,representation agreement,代理人契約,The representation agreement is signed.,representation_agreement.mp3,YES,daniel_tts
paper,client,顧客（選手）,He is our client.,client.mp3,YES,daniel_tts
paper,mandate,委任契約,We received the mandate.,mandate.mp3,YES,daniel_tts
paper,agency fee,エージェント報酬,Agency fee is payable upon signing.,agency_fee.mp3,YES,daniel_tts
paper,contract,契約,He signed a three-year contract.,contract.mp3,YES,daniel_tts
paper,employment contract,雇用契約,Review the employment contract.,employment_contract.mp3,YES,daniel_tts
paper,contract extension,契約延長,The club offered a contract extension.,contract_extension.mp3,YES,daniel_tts
paper,renewal,契約更新,Renewal talks have started.,renewal.mp3,YES,daniel_tts
paper,expiry date,契約満了日,Check the expiry date.,expiry_date.mp3,YES,daniel_tts
paper,gross salary,額面給与,"Gross salary is €500,000.",gross_salary.mp3,YES,daniel_tts
paper,net salary,手取り給与,Net salary is guaranteed.,net_salary.mp3,YES,daniel_tts
paper,signing-on fee,契約金,Signing-on fee will be paid separately.,signing-on_fee.mp3,YES,daniel_tts
paper,bonus,ボーナス,The contract includes bonuses.,bonus.mp3,YES,daniel_tts
paper,appearance bonus,出場ボーナス,Appearance bonus activates after 20 games.,appearance_bonus.mp3,YES,daniel_tts
paper,goal bonus,得点ボーナス,Goal bonus is included.,goal_bonus.mp3,YES,daniel_tts
paper,assist bonus,アシストボーナス,Assist bonus applies.,assist_bonus.mp3,YES,daniel_tts
paper,loyalty bonus,忠誠ボーナス,Loyalty bonus is paid annually.,loyalty_bonus.mp3,YES,daniel_tts
paper,promotion bonus,昇格ボーナス,Promotion bonus is significant.,promotion_bonus.mp3,YES,daniel_tts
paper,release clause,契約解除金条項,The player has a release clause.,release_clause.mp3,YES,daniel_tts
paper,buyout clause,買い取り条項,Buyout clause is €5 million.,buyout_clause.mp3,YES,daniel_tts
paper,sell-on clause,再販条項,A sell-on clause was agreed.,sell-on_clause.mp3,YES,daniel_tts
paper,image rights,肖像権,Image rights remain with the player.,image_rights.mp3,YES,daniel_tts
paper,commercial rights,商業権,Commercial rights are separate.,commercial_rights.mp3,YES,daniel_tts
paper,transfer fee,移籍金,The transfer fee was undisclosed.,transfer_fee.mp3,YES,daniel_tts
paper,permanent transfer,完全移籍,He joined on a permanent transfer.,permanent_transfer.mp3,YES,daniel_tts
paper,loan transfer,レンタル移籍,He moved on loan.,loan_transfer.mp3,YES,daniel_tts
paper,loan agreement,レンタル契約,The loan agreement was signed.,loan_agreement.mp3,YES,daniel_tts
paper,option to buy,買取オプション,The deal includes an option to buy.,option_to_buy.mp3,YES,daniel_tts
paper,obligation to buy,買取義務,Obligation to buy applies next season.,obligation_to_buy.mp3,YES,daniel_tts
paper,medical,メディカルチェック,He passed his medical.,medical.mp3,YES,daniel_tts
paper,international transfer,国際移籍,It's an international transfer.,international_transfer.mp3,YES,daniel_tts
paper,free agent,フリーエージェント,He became a free agent.,free_agent.mp3,YES,daniel_tts
paper,pre-contract,事前契約,A pre-contract was signed.,pre-contract.mp3,YES,daniel_tts
paper,letter of intent,基本合意書,The parties signed a letter of intent.,letter_of_intent.mp3,YES,daniel_tts
paper,training compensation,トレーニング補償金,Training compensation may apply.,training_compensation.mp3,YES,daniel_tts
paper,solidarity contribution,連帯貢献金,Solidarity contribution is payable.,solidarity_contribution.mp3,YES,daniel_tts
paper,protected period,保護期間,The player is within the protected period.,protected_period.mp3,YES,daniel_tts
paper,just cause,正当事由解除,The player claims just cause.,just_cause.mp3,YES,daniel_tts
paper,mutual termination,合意解除,The contract ended by mutual termination.,mutual_termination.mp3,YES,daniel_tts
paper,technical director,テクニカルダイレクター,We met the technical director.,technical_director.mp3,YES,daniel_tts
paper,head scout,スカウト責任者,The head scout recommended him.,head_scout.mp3,YES,daniel_tts
paper,shortlist,補強候補リスト,The player is on the shortlist.,shortlist.mp3,YES,daniel_tts
paper,due diligence,事前調査,Due diligence is underway.,due_diligence.mp3,YES,daniel_tts
paper,formal offer,正式オファー,We received a formal offer.,formal_offer.mp3,YES,daniel_tts
paper,verbal offer,口頭オファー,We have a verbal offer.,verbal_offer.mp3,YES,daniel_tts
paper,written offer,書面オファー,Please send a written offer.,written_offer.mp3,YES,daniel_tts
paper,counter offer,カウンターオファー,We will make a counter offer.,counter_offer.mp3,YES,daniel_tts
paper,proposal,提案,We are reviewing the proposal.,proposal.mp3,YES,daniel_tts
paper,term sheet,条件表,Please share the term sheet.,term_sheet.mp3,YES,daniel_tts
paper,deal structure,契約スキーム,Let's discuss the deal structure.,deal_structure.mp3,YES,daniel_tts
paper,contract draft,契約ドラフト,We received the contract draft.,contract_draft.mp3,YES,daniel_tts
paper,final draft,最終ドラフト,This is the final draft.,final_draft.mp3,YES,daniel_tts
paper,redline version,修正版,Please review our redline version.,redline_version.mp3,YES,daniel_tts
paper,salary package,報酬パッケージ,The salary package is competitive.,salary_package.mp3,YES,daniel_tts
paper,base salary,基本給,Let's discuss the base salary.,base_salary.mp3,YES,daniel_tts
paper,take-home pay,手取り額,What is the take-home pay?,take-home_pay.mp3,YES,daniel_tts
paper,signing bonus,契約金,A signing bonus is expected.,signing_bonus.mp3,YES,daniel_tts
paper,appearance fee,出場手当,Appearance fees should be included.,appearance_fee.mp3,YES,daniel_tts
paper,sporting project,強化方針,Tell us about the sporting project.,sporting_project.mp3,YES,daniel_tts
paper,development plan,育成計画,What is the development plan?,development_plan.mp3,YES,daniel_tts
paper,pathway to first team,トップ昇格ルート,Is there a pathway to the first team?,pathway_to_first_team.mp3,YES,daniel_tts
paper,playing time,出場機会,Playing time is important.,playing_time.mp3,YES,daniel_tts
paper,minutes expectation,出場時間見込み,What are the minutes expectations?,minutes_expectation.mp3,YES,daniel_tts
paper,recruitment team,強化担当,Recruitment team is interested.,recruitment_team.mp3,YES,daniel_tts
paper,loan fee,レンタル料,Loan fee is negotiable.,loan_fee.mp3,YES,daniel_tts
paper,buy-back clause,買戻し条項,Buy-back clause is included.,buy-back_clause.mp3,YES,daniel_tts
paper,medical examination,メディカルチェック,Medical examination is scheduled.,medical_examination.mp3,YES,daniel_tts
paper,registration process,登録手続き,Registration process has started.,registration_process.mp3,YES,daniel_tts
paper,visa application,ビザ申請,Visa application has been submitted.,visa_application.mp3,YES,daniel_tts
paper,exclusive mandate,独占契約,We have an exclusive mandate.,exclusive_mandate.mp3,YES,daniel_tts
paper,tax equalisation,税負担調整,The contract includes tax equalisation.,tax_equalisation.mp3,YES,daniel_tts
paper,tax liability,納税義務,Tax liability must be clarified.,tax_liability.mp3,YES,daniel_tts
paper,tax residency,税務上の居住地,Tax residency is important.,tax_residency.mp3,YES,daniel_tts
paper,withholding tax,源泉税,Withholding tax applies.,withholding_tax.mp3,YES,daniel_tts
paper,social security contribution,社会保険料,Social security contributions are covered.,social_security_contribution.mp3,YES,daniel_tts
paper,termination clause,契約解除条項,The termination clause is unacceptable.,termination_clause.mp3,YES,daniel_tts
paper,breach of contract,契約違反,This may constitute a breach of contract.,breach_of_contract.mp3,YES,daniel_tts
paper,default notice,履行催告書,A default notice was issued.,default_notice.mp3,YES,daniel_tts
paper,material breach,重大な契約違反,This is a material breach.,material_breach.mp3,YES,daniel_tts
paper,governing law,準拠法,English law is the governing law.,governing_law.mp3,YES,daniel_tts
paper,jurisdiction,管轄,Jurisdiction shall be Switzerland.,jurisdiction.mp3,YES,daniel_tts
paper,dispute resolution,紛争解決,The dispute resolution clause is standard.,dispute_resolution.mp3,YES,daniel_tts
paper,arbitration,仲裁,The matter will go to arbitration.,arbitration.mp3,YES,daniel_tts
paper,CAS appeal,CASへの上訴,A CAS appeal may follow.,CAS_appeal.mp3,YES,daniel_tts
paper,indemnity,補償義務,The club requested an indemnity.,indemnity.mp3,YES,daniel_tts
paper,limitation of liability,責任制限,We need a limitation of liability clause.,limitation_of_liability.mp3,YES,daniel_tts
paper,force majeure,不可抗力,Force majeure applies.,force_majeure.mp3,YES,daniel_tts
paper,confidentiality clause,秘密保持条項,The confidentiality clause remains in force.,confidentiality_clause.mp3,YES,daniel_tts
paper,non-disclosure agreement,NDA,Please sign the NDA.,non-disclosure_agreement.mp3,YES,daniel_tts
paper,compliance,法令遵守,Compliance is mandatory.,compliance.mp3,YES,daniel_tts
paper,conflict of interest,利益相反,There is a potential conflict of interest.,conflict_of_interest.mp3,YES,daniel_tts
paper,legal counsel,法務顧問,Our legal counsel reviewed the draft.,legal_counsel.mp3,YES,daniel_tts
paper,guaranteed compensation,保証報酬,We require guaranteed compensation.,guaranteed_compensation.mp3,YES,daniel_tts
paper,performance incentive,成果報酬,Performance incentives are included.,performance_incentive.mp3,YES,daniel_tts
paper,retention bonus,残留ボーナス,Retention bonus is payable.,retention_bonus.mp3,YES,daniel_tts
paper,payment schedule,支払スケジュール,Please share the payment schedule.,payment_schedule.mp3,YES,daniel_tts
paper,outstanding amount,未払金,The outstanding amount remains unpaid.,outstanding_amount.mp3,YES,daniel_tts
paper,settlement agreement,和解契約,The parties signed a settlement agreement.,settlement_agreement.mp3,YES,daniel_tts
paper,amendment,契約変更,An amendment is required.,amendment.mp3,YES,daniel_tts
paper,addendum,追加合意書,The addendum has been executed.,addendum.mp3,YES,daniel_tts
paper,binding agreement,法的拘束力のある契約,This is a binding agreement.,binding_agreement.mp3,YES,daniel_tts
paper,scout,スカウトする,We scouted him last weekend.,scout.mp3,YES,daniel_tts
paper,scouting report,スカウティングレポート,Please share the scouting report.,scouting_report.mp3,YES,daniel_tts
paper,player profile,選手プロフィール,The player profile looks promising.,player_profile.mp3,YES,daniel_tts
paper,target player,補強対象選手,He is a target player.,target_player.mp3,YES,daniel_tts
paper,recruitment target,獲得候補,He remains a recruitment target.,recruitment_target.mp3,YES,daniel_tts
paper,longlist,ロングリスト,He is on our longlist.,longlist.mp3,YES,daniel_tts
paper,priority target,最優先ターゲット,He is our priority target.,priority_target.mp3,YES,daniel_tts
paper,backup option,代替候補,He is a backup option.,backup_option.mp3,YES,daniel_tts
paper,replacement target,後任候補,We need a replacement target.,replacement_target.mp3,YES,daniel_tts
paper,succession planning,後継者計画,Succession planning has started.,succession_planning.mp3,YES,daniel_tts
paper,recruitment strategy,補強戦略,The recruitment strategy is clear.,recruitment_strategy.mp3,YES,daniel_tts
paper,squad planning,戦力編成,Squad planning is ongoing.,squad_planning.mp3,YES,daniel_tts
paper,position need,補強ポジション,Centre-back is a position need.,position_need.mp3,YES,daniel_tts
paper,development potential,成長可能性,He has huge development potential.,development_potential.mp3,YES,daniel_tts
paper,ceiling,将来性の上限,His ceiling is very high.,ceiling.mp3,YES,daniel_tts
paper,upside,伸びしろ,There is significant upside.,upside.mp3,YES,daniel_tts
paper,technical ability,技術力,His technical ability stands out.,technical_ability.mp3,YES,daniel_tts
paper,ball control,ボールコントロール,Excellent ball control.,ball_control.mp3,YES,daniel_tts
paper,passing range,パスレンジ,He has a wide passing range.,passing_range.mp3,YES,daniel_tts
paper,decision making,判断力,Decision making is excellent.,decision_making.mp3,YES,daniel_tts
paper,game intelligence,サッカーIQ,His game intelligence is impressive.,game_intelligence.mp3,YES,daniel_tts
paper,football IQ,戦術理解力,He has a strong football IQ.,football_IQ.mp3,YES,daniel_tts
paper,positioning,ポジショニング,Positioning is a strength.,positioning.mp3,YES,daniel_tts
paper,awareness,周囲認知,His awareness is elite.,awareness.mp3,YES,daniel_tts
paper,scanning,首振り習慣,Scanning frequency is excellent.,scanning.mp3,YES,daniel_tts
paper,composure,落ち着き,He shows composure under pressure.,composure.mp3,YES,daniel_tts
paper,athleticism,運動能力,Athleticism is outstanding.,athleticism.mp3,YES,daniel_tts
paper,pace,スピード,He has great pace.,pace.mp3,YES,daniel_tts
paper,acceleration,加速力,Acceleration is explosive.,acceleration.mp3,YES,daniel_tts
paper,duel success rate,デュエル勝率,Duel success rate is high.,duel_success_rate.mp3,YES,daniel_tts
paper,aerial ability,空中戦能力,Aerial ability is a strength.,aerial_ability.mp3,YES,daniel_tts
paper,one-v-one defending,対人守備,One-v-one defending is reliable.,one-v-one_defending.mp3,YES,daniel_tts
paper,recovery speed,戻りの速さ,Recovery speed is elite.,recovery_speed.mp3,YES,daniel_tts
paper,character assessment,人物評価,Character assessment is positive.,character_assessment.mp3,YES,daniel_tts
paper,coachability,指導吸収力,Coachability is excellent.,coachability.mp3,YES,daniel_tts
paper,adaptability,適応力,Adaptability is important.,adaptability.mp3,YES,daniel_tts
paper,competitive mindset,競争心,Competitive mindset is strong.,competitive_mindset.mp3,YES,daniel_tts
paper,cultural fit,チーム適性,Cultural fit is important.,cultural_fit.mp3,YES,daniel_tts
paper,dressing room fit,ロッカールーム適性,He is a good dressing room fit.,dressing_room_fit.mp3,YES,daniel_tts
paper,green light,獲得承認,The board gave the green light.,green_light.mp3,YES,daniel_tts
paper,sign-off,最終承認,We are waiting for sign-off.,sign-off.mp3,YES,daniel_tts
paper,FIFA Agent,FIFA代理人,He is a licensed FIFA Agent.,FIFA_Agent.mp3,YES,daniel_tts
paper,representation contract,代理人契約,The representation contract has been signed.,representation_contract.mp3,YES,daniel_tts
paper,client representation,選手代理,We provide client representation services.,client_representation.mp3,YES,daniel_tts
paper,exclusive representation,独占代理,The player granted exclusive representation.,exclusive_representation.mp3,YES,daniel_tts
paper,engagement letter,業務委託書,The engagement letter is attached.,engagement_letter.mp3,YES,daniel_tts
paper,letter of authority,委任状,Please provide a letter of authority.,letter_of_authority.mp3,YES,daniel_tts
paper,informed consent,説明を受けた同意,Informed consent was obtained.,informed_consent.mp3,YES,daniel_tts
paper,service fee,代理人報酬,The service fee is 5%.,service_fee.mp3,YES,daniel_tts
paper,commission,手数料,Commission will be paid quarterly.,commission.mp3,YES,daniel_tts
paper,invoice,請求書,We issued the invoice.,invoice.mp3,YES,daniel_tts
paper,payment instruction,支払指示書,Payment instructions were sent.,payment_instruction.mp3,YES,daniel_tts
paper,proof of payment,送金証明,Please provide proof of payment.,proof_of_payment.mp3,YES,daniel_tts
paper,transfer matching system,TMS,The transfer was entered into TMS.,transfer_matching_system.mp3,YES,daniel_tts
paper,TMS declaration,TMS申告,Both clubs completed the TMS declaration.,TMS_declaration.mp3,YES,daniel_tts
paper,international transfer certificate,ITC,The ITC has been issued.,international_transfer_certificate.mp3,YES,daniel_tts
paper,player passport,選手パスポート,We requested the player passport.,player_passport.mp3,YES,daniel_tts
paper,registration period,登録期間,The registration period closes next week.,registration_period.mp3,YES,daniel_tts
paper,training club,育成クラブ,The training club submitted a claim.,training_club.mp3,YES,daniel_tts
paper,distribution statement,分配明細,We received the distribution statement.,distribution_statement.mp3,YES,daniel_tts
paper,clearing house,FIFA Clearing House,The payment will be processed through the Clearing House.,clearing_house.mp3,YES,daniel_tts
paper,sporting just cause,スポーツ上の正当事由,Sporting just cause may apply.,sporting_just_cause.mp3,YES,daniel_tts
paper,unilateral termination,一方的解除,The club claims unilateral termination.,unilateral_termination.mp3,YES,daniel_tts
paper,mutual termination agreement,合意解除契約,A mutual termination agreement was signed.,mutual_termination_agreement.mp3,YES,daniel_tts
paper,temporary transfer,期限付き移籍,This is a temporary transfer.,temporary_transfer.mp3,YES,daniel_tts
paper,buy option,買取オプション,The loan includes a buy option.,buy_option.mp3,YES,daniel_tts
paper,buy obligation,買取義務,A buy obligation applies.,buy_obligation.mp3,YES,daniel_tts
paper,minor player,未成年選手,The player is a minor player.,minor_player.mp3,YES,daniel_tts
paper,parental consent,保護者同意,Parental consent is required.,parental_consent.mp3,YES,daniel_tts
paper,dual nationality,二重国籍,The player holds dual nationality.,dual_nationality.mp3,YES,daniel_tts
paper,eligibility,出場資格,Eligibility is under review.,eligibility.mp3,YES,daniel_tts
paper,disciplinary proceeding,懲戒手続,FIFA opened disciplinary proceedings.,disciplinary_proceeding.mp3,YES,daniel_tts
paper,CAS arbitration,CAS仲裁,The dispute may proceed to CAS arbitration.,CAS_arbitration.mp3,YES,daniel_tts
paper,legal submission,準備書面,We submitted a legal submission.,legal_submission.mp3,YES,daniel_tts
paper,settlement negotiation,和解交渉,Settlement negotiations are ongoing.,settlement_negotiation.mp3,YES,daniel_tts
paper,claimant,申立人,The claimant filed a claim.,claimant.mp3,YES,daniel_tts
paper,respondent,被申立人,The respondent filed its response.,respondent.mp3,YES,daniel_tts
paper,burden of proof,立証責任,The burden of proof lies with the claimant.,burden_of_proof.mp3,YES,daniel_tts
paper,final decision,最終決定,FIFA issued its final decision.,final_decision.mp3,YES,daniel_tts
fan,Who are ya?,お前ら誰だよ？（挑発チャント）,The away end sings 'Who are ya?',Who_are_ya.mp3,YES,original
fan,Get in!,よっしゃー！,Last-minute winner — get in!,Get_in.mp3,YES,original
fan,He's one of our own,生え抜きを讃えるチャント,The academy kid scores — he's one of our own!,Hes_one_of_our_own.mp3,YES,original
fan,You're not singing anymore,黙ったな（逆転時の煽り）,2-1 up: 'You're not singing anymore!',Youre_not_singing_anymore.mp3,YES,original
fan,"On me 'ead, son!",俺の頭に合わせろ！,"The terrace shouts 'On me 'ead, son!'",On_me_ead_son.mp3,YES,original
fan,What a waste of money,カネの無駄遣い（高額選手への煽り）,He misses again — 'what a waste of money!',What_a_waste_of_money.mp3,YES,original
fan,Terrace,ゴール裏（立見席文化）,He grew up on the terraces at Selhurst.,Terrace.mp3,YES,original
fan,Away day,アウェイ遠征,"Early train, full pub — proper away day.",Away_day.mp3,YES,original
fan,Pitch invasion,ピッチ乱入,Promotion sparked a pitch invasion.,Pitch_invasion.mp3,YES,original
fan,Derby day,ダービーの日,The whole city stops on derby day.,Derby_day.mp3,YES,original
fan,Sacked in the morning,「朝には解任だ」チャント,Fans chant 'sacked in the morning' at the boss.,Sacked_in_the_morning.mp3,YES,original
fan,Glory hunter,強いチームにだけ乗っかるにわか,He swapped clubs again — total glory hunter.,Glory_hunter.mp3,YES,original
fan,Season ticket,シーズンチケット,Third generation with a season ticket here.,Season_ticket.mp3,YES,original
fan,Tinpot,しょぼい・三流の,They called our cup run tinpot. Rude.,Tinpot.mp3,YES,original
fan,Prawn sandwich brigade,試合に興味のない法人席の客,The prawn sandwich brigade left at sixty minutes.,Prawn_sandwich_brigade.mp3,YES,original
fan,We want our club back,クラブを取り戻せ（オーナー抗議）,Banners read 'We want our club back'.,We_want_our_club_back.mp3,YES,original
fan,Proper,本物の・ガチの,"Standing terrace, floodlights — proper football.",Proper.mp3,YES,original
fan,Gutted for the lads,選手たちが気の毒だ,Lost on pens — gutted for the lads.,Gutted_for_the_lads.mp3,YES,original
fan,Top four,トップ4（CL出場圏）,Top four is the minimum this season.,Top_four.mp3,YES,original
fan,Sing your hearts out,声の限り歌え,Sing your hearts out for the lads!,Sing_your_hearts_out.mp3,YES,original